Metric,Mean,Std,Min,Max
temperature_2m_max (°C),31.12993155373032,5.03087126572455,13.1,46.2
temperature_2m_mean (°C),25.956830937713892,5.091308130455003,7.0,39.1
relative_humidity_2m_mean (%),65.79476386036961,18.082826386167554,6.0,99.0
precipitation_sum (mm),2.8192306639288156,7.877889792630769,0.0,188.05599999999976
wind_speed_10m_mean (km/h),10.20513004791239,4.053352398071602,1.8,43.0
heat_index,27.71970806526743,6.810237597987555,6.1055555555555525,46.298825841164636
